Response,Product Area,Status,Request Type
"Based on our support documentation, here's what we found:  **Solution 1: Claude API - Getting Started** To use the Claude API: 1) Create a Claude account at claude.com, 2) Generate an API key from your account settings, 3) Install the Claude SDK for your programming language, 4) Authenticate using your API key, 5) Make API calls to interact with Claude. Your API key should be kept secret and never shared publicly. Store it as an environment variable or in a secure configuration file. The API supports various models with different capabilities and pricing.  **Solution 2: Claude Chat - Pricing and Billing** Claude offers flexible pricing options. For API users: pay-as-you-go pricing based on tokens consumed. For Claude Plus subscribers: $20/month for unlimited chat access. For enterprise: contact sales for custom pricing. Your billing is tracked per month and invoiced at the end of the billing cycle. Payment methods accepted include credit cards and ACH transfers. To avoid unexpected charges, set spending limits in your account settings.   _Confidence Level: 55%_  ⚠️ Note: Our confidence in this answer is moderate. If this doesn't fully address your issue, please reply and we'll escalate to a specialist.",Account & Access,Replied,product_issue
Thank you for reaching out. Your issue requires special attention from our support team.  **Reason for escalation:** Security breach or fraud detected  Your ticket has been escalated to a human specialist who will assist you shortly. **Ticket ID:** T002 **Category:** Assessment **Product Area:** Features & Usage **Priority Level:** Critical  We appreciate your patience!,Features & Usage,Escalated,product_issue
Thank you for reaching out. Your issue requires special attention from our support team.  **Reason for escalation:** Financial transaction requires review  Your ticket has been escalated to a human specialist who will assist you shortly. **Ticket ID:** T003 **Category:** Billing **Product Area:** Billing & Payment **Priority Level:** High  We appreciate your patience!,Billing & Payment,Escalated,product_issue
Thank you for reaching out. Your issue requires special attention from our support team.  **Reason for escalation:** Financial transaction requires review  Your ticket has been escalated to a human specialist who will assist you shortly. **Ticket ID:** T004 **Category:** Billing **Product Area:** Billing & Payment **Priority Level:** High  We appreciate your patience!,Billing & Payment,Escalated,product_issue
Thank you for reaching out. Your issue requires special attention from our support team.  **Reason for escalation:** Financial transaction requires review  Your ticket has been escalated to a human specialist who will assist you shortly. **Ticket ID:** T005 **Category:** Billing **Product Area:** Billing & Payment **Priority Level:** High  We appreciate your patience!,Billing & Payment,Escalated,product_issue
Thank you for reaching out. Your issue requires special attention from our support team.  **Reason for escalation:** Security breach or fraud detected  Your ticket has been escalated to a human specialist who will assist you shortly. **Ticket ID:** T006 **Category:** Security **Product Area:** Features & Usage **Priority Level:** Critical  We appreciate your patience!,Features & Usage,Escalated,product_issue
"I am sorry, this is out of scope from my capabilities.",Other,Replied,invalid
"Based on our support documentation, here's what we found:  **Solution 1: Getting Started with HackerRank Contests** HackerRank contests are competitive programming challenges where you can test your skills against other programmers worldwide. To get started: 1) Create a HackerRank account, 2) Browse available contests, 3) Register for a contest, 4) Solve the problems within the time limit, 5) Submit your solutions. Contests are categorized by difficulty and language support. You can participate in real-time contests or practice with past contests. Prizes and leaderboard rankings are awarded based on performance.  **Solution 2: Account Registration and Login Issues** If you're having trouble logging into your HackerRank account: 1) Make sure you're using the correct email address, 2) Check that caps lock is off, 3) Try the 'Forgot Password' link to reset your password. To create a new account: 1) Go to the signup page, 2) Enter your email and create a strong password, 3) Verify your email address. If you still cannot access your account, ensure you're using a supported browser and try clearing your cache and cookies.   _Confidence Level: 61%_  ⚠️ Note: Our confidence in this answer is moderate. If this doesn't fully address your issue, please reply and we'll escalate to a specialist.",Contests & Assessments,Replied,product_issue
"Based on our support documentation, here's what we found:  **Solution 1: Getting Started with HackerRank Contests** HackerRank contests are competitive programming challenges where you can test your skills against other programmers worldwide. To get started: 1) Create a HackerRank account, 2) Browse available contests, 3) Register for a contest, 4) Solve the problems within the time limit, 5) Submit your solutions. Contests are categorized by difficulty and language support. You can participate in real-time contests or practice with past contests. Prizes and leaderboard rankings are awarded based on performance.  **Solution 2: Account Registration and Login Issues** If you're having trouble logging into your HackerRank account: 1) Make sure you're using the correct email address, 2) Check that caps lock is off, 3) Try the 'Forgot Password' link to reset your password. To create a new account: 1) Go to the signup page, 2) Enter your email and create a strong password, 3) Verify your email address. If you still cannot access your account, ensure you're using a supported browser and try clearing your cache and cookies.   _Confidence Level: 55%_  ⚠️ Note: Our confidence in this answer is moderate. If this doesn't fully address your issue, please reply and we'll escalate to a specialist.",Technical Issues,Replied,bug
Thank you for reaching out. Your issue requires special attention from our support team.  **Reason for escalation:** Security breach or fraud detected  Your ticket has been escalated to a human specialist who will assist you shortly. **Ticket ID:** T010 **Category:** Assessment **Product Area:** Contests & Assessments **Priority Level:** Critical  We appreciate your patience!,Contests & Assessments,Escalated,product_issue
"Based on our support documentation, here's what we found:  **Solution 1: Account Registration and Login Issues** If you're having trouble logging into your HackerRank account: 1) Make sure you're using the correct email address, 2) Check that caps lock is off, 3) Try the 'Forgot Password' link to reset your password. To create a new account: 1) Go to the signup page, 2) Enter your email and create a strong password, 3) Verify your email address. If you still cannot access your account, ensure you're using a supported browser and try clearing your cache and cookies.  **Solution 2: Getting Started with HackerRank Contests** HackerRank contests are competitive programming challenges where you can test your skills against other programmers worldwide. To get started: 1) Create a HackerRank account, 2) Browse available contests, 3) Register for a contest, 4) Solve the problems within the time limit, 5) Submit your solutions. Contests are categorized by difficulty and language support. You can participate in real-time contests or practice with past contests. Prizes and leaderboard rankings are awarded based on performance.   _Confidence Level: 52%_  ⚠️ Note: Our confidence in this answer is moderate. If this doesn't fully address your issue, please reply and we'll escalate to a specialist.",Contests & Assessments,Replied,product_issue
Thank you for reaching out. Your issue requires special attention from our support team.  **Reason for escalation:** Insufficient documentation available  Your ticket has been escalated to a human specialist who will assist you shortly. **Ticket ID:** T012 **Category:** Technical Issue **Product Area:** Technical Issues **Priority Level:** Low  We appreciate your patience!,Technical Issues,Escalated,bug
"Based on our support documentation, here's what we found:  **Solution 1: Getting Started with HackerRank Contests** HackerRank contests are competitive programming challenges where you can test your skills against other programmers worldwide. To get started: 1) Create a HackerRank account, 2) Browse available contests, 3) Register for a contest, 4) Solve the problems within the time limit, 5) Submit your solutions. Contests are categorized by difficulty and language support. You can participate in real-time contests or practice with past contests. Prizes and leaderboard rankings are awarded based on performance.  **Solution 2: Account Registration and Login Issues** If you're having trouble logging into your HackerRank account: 1) Make sure you're using the correct email address, 2) Check that caps lock is off, 3) Try the 'Forgot Password' link to reset your password. To create a new account: 1) Go to the signup page, 2) Enter your email and create a strong password, 3) Verify your email address. If you still cannot access your account, ensure you're using a supported browser and try clearing your cache and cookies.   _Confidence Level: 50%_  ⚠️ Note: Our confidence in this answer is moderate. If this doesn't fully address your issue, please reply and we'll escalate to a specialist.",Features & Usage,Replied,product_issue
Thank you for reaching out. Your issue requires special attention from our support team.  **Reason for escalation:** Sensitive area: Billing & Payment  Your ticket has been escalated to a human specialist who will assist you shortly. **Ticket ID:** T014 **Category:** Billing **Product Area:** Billing & Payment **Priority Level:** Low  We appreciate your patience!,Billing & Payment,Escalated,product_issue
"Based on our support documentation, here's what we found:  **Solution 1: Claude API - Getting Started** To use the Claude API: 1) Create a Claude account at claude.com, 2) Generate an API key from your account settings, 3) Install the Claude SDK for your programming language, 4) Authenticate using your API key, 5) Make API calls to interact with Claude. Your API key should be kept secret and never shared publicly. Store it as an environment variable or in a secure configuration file. The API supports various models with different capabilities and pricing.  **Solution 2: Claude Chat - Pricing and Billing** Claude offers flexible pricing options. For API users: pay-as-you-go pricing based on tokens consumed. For Claude Plus subscribers: $20/month for unlimited chat access. For enterprise: contact sales for custom pricing. Your billing is tracked per month and invoiced at the end of the billing cycle. Payment methods accepted include credit cards and ACH transfers. To avoid unexpected charges, set spending limits in your account settings.   _Confidence Level: 57%_  ⚠️ Note: Our confidence in this answer is moderate. If this doesn't fully address your issue, please reply and we'll escalate to a specialist.",Technical Issues,Replied,bug
Thank you for reaching out. Your issue requires special attention from our support team.  **Reason for escalation:** Sensitive area: Security & Fraud  Your ticket has been escalated to a human specialist who will assist you shortly. **Ticket ID:** T016 **Category:** Security **Product Area:** Security & Fraud **Priority Level:** Critical  We appreciate your patience!,Security & Fraud,Escalated,product_issue
"Based on our support documentation, here's what we found:  **Solution 1: Account Registration and Login Issues** If you're having trouble logging into your HackerRank account: 1) Make sure you're using the correct email address, 2) Check that caps lock is off, 3) Try the 'Forgot Password' link to reset your password. To create a new account: 1) Go to the signup page, 2) Enter your email and create a strong password, 3) Verify your email address. If you still cannot access your account, ensure you're using a supported browser and try clearing your cache and cookies.  **Solution 2: Getting Started with HackerRank Contests** HackerRank contests are competitive programming challenges where you can test your skills against other programmers worldwide. To get started: 1) Create a HackerRank account, 2) Browse available contests, 3) Register for a contest, 4) Solve the problems within the time limit, 5) Submit your solutions. Contests are categorized by difficulty and language support. You can participate in real-time contests or practice with past contests. Prizes and leaderboard rankings are awarded based on performance.   _Confidence Level: 50%_  ⚠️ Note: Our confidence in this answer is moderate. If this doesn't fully address your issue, please reply and we'll escalate to a specialist.",Technical Issues,Replied,bug
Thank you for reaching out. Your issue requires special attention from our support team.  **Reason for escalation:** Assessment integrity concern  Your ticket has been escalated to a human specialist who will assist you shortly. **Ticket ID:** T018 **Category:** Assessment **Product Area:** Contests & Assessments **Priority Level:** High  We appreciate your patience!,Contests & Assessments,Escalated,product_issue
Thank you for reaching out. Your issue requires special attention from our support team.  **Reason for escalation:** Financial transaction requires review  Your ticket has been escalated to a human specialist who will assist you shortly. **Ticket ID:** T019 **Category:** Billing **Product Area:** Billing & Payment **Priority Level:** High  We appreciate your patience!,Billing & Payment,Escalated,product_issue
Thank you for reaching out. Your issue requires special attention from our support team.  **Reason for escalation:** Sensitive area: Security & Fraud  Your ticket has been escalated to a human specialist who will assist you shortly. **Ticket ID:** T020 **Category:** Security **Product Area:** Security & Fraud **Priority Level:** Critical  We appreciate your patience!,Security & Fraud,Escalated,product_issue
"I am sorry, this is out of scope from my capabilities.",Other,Replied,invalid
"I am sorry, this is out of scope from my capabilities.",Other,Replied,invalid
Thank you for reaching out. Your issue requires special attention from our support team.  **Reason for escalation:** Insufficient documentation available  Your ticket has been escalated to a human specialist who will assist you shortly. **Ticket ID:** T023 **Category:** How-To/Usage **Product Area:** Features & Usage **Priority Level:** Low  We appreciate your patience!,Features & Usage,Escalated,product_issue
"I am sorry, this is out of scope from my capabilities.",Other,Replied,invalid
Thank you for reaching out. Your issue requires special attention from our support team.  **Reason for escalation:** Security breach or fraud detected  Your ticket has been escalated to a human specialist who will assist you shortly. **Ticket ID:** T025 **Category:** Security **Product Area:** Security & Fraud **Priority Level:** Critical  We appreciate your patience!,Security & Fraud,Escalated,product_issue
"Based on our support documentation, here's what we found:  **Solution 1: Claude API - Getting Started** To use the Claude API: 1) Create a Claude account at claude.com, 2) Generate an API key from your account settings, 3) Install the Claude SDK for your programming language, 4) Authenticate using your API key, 5) Make API calls to interact with Claude. Your API key should be kept secret and never shared publicly. Store it as an environment variable or in a secure configuration file. The API supports various models with different capabilities and pricing.  **Solution 2: Claude Chat - Pricing and Billing** Claude offers flexible pricing options. For API users: pay-as-you-go pricing based on tokens consumed. For Claude Plus subscribers: $20/month for unlimited chat access. For enterprise: contact sales for custom pricing. Your billing is tracked per month and invoiced at the end of the billing cycle. Payment methods accepted include credit cards and ACH transfers. To avoid unexpected charges, set spending limits in your account settings.   _Confidence Level: 59%_  ⚠️ Note: Our confidence in this answer is moderate. If this doesn't fully address your issue, please reply and we'll escalate to a specialist.",Technical Issues,Replied,bug
Thank you for reaching out. Your issue requires special attention from our support team.  **Reason for escalation:** Security breach or fraud detected  Your ticket has been escalated to a human specialist who will assist you shortly. **Ticket ID:** T027 **Category:** Security **Product Area:** Account & Access **Priority Level:** Critical  We appreciate your patience!,Account & Access,Escalated,product_issue
"Based on our support documentation, here's what we found:  **Solution 1: Claude API - Getting Started** To use the Claude API: 1) Create a Claude account at claude.com, 2) Generate an API key from your account settings, 3) Install the Claude SDK for your programming language, 4) Authenticate using your API key, 5) Make API calls to interact with Claude. Your API key should be kept secret and never shared publicly. Store it as an environment variable or in a secure configuration file. The API supports various models with different capabilities and pricing.  **Solution 2: Claude Chat - Pricing and Billing** Claude offers flexible pricing options. For API users: pay-as-you-go pricing based on tokens consumed. For Claude Plus subscribers: $20/month for unlimited chat access. For enterprise: contact sales for custom pricing. Your billing is tracked per month and invoiced at the end of the billing cycle. Payment methods accepted include credit cards and ACH transfers. To avoid unexpected charges, set spending limits in your account settings.   _Confidence Level: 57%_  ⚠️ Note: Our confidence in this answer is moderate. If this doesn't fully address your issue, please reply and we'll escalate to a specialist.",Features & Usage,Replied,product_issue
"I am sorry, this is out of scope from my capabilities.",Other,Replied,invalid
